<?xml version="1.0"?>
<results>
<api>
	<uri>[test].[1:2] verify that survey-service is up and recives short survey</uri>
	<samples>1</samples>
	<average>292</average>
	<min>292</min>
	<median>292</median>
	<ninetieth>292</ninetieth>
	<max>292</max>
	<httpCode></httpCode>
	<errors>100.0</errors>
</api>
<api>
	<uri>[test].[2:8] verify that survey-service is up and recives long survey</uri>
	<samples>1</samples>
	<average>83</average>
	<min>83</min>
	<median>83</median>
	<ninetieth>83</ninetieth>
	<max>83</max>
	<httpCode></httpCode>
	<errors>100.0</errors>
</api>
<api>
	<uri>[test].[3:14] verify if empty page returns 400</uri>
	<samples>1</samples>
	<average>2</average>
	<min>2</min>
	<median>2</median>
	<ninetieth>2</ninetieth>
	<max>2</max>
	<httpCode></httpCode>
	<errors>100.0</errors>
</api>
<api>
	<uri>[test].[4:20] verify if empty survey name returns 400</uri>
	<samples>1</samples>
	<average>4</average>
	<min>4</min>
	<median>4</median>
	<ninetieth>4</ninetieth>
	<max>4</max>
	<httpCode></httpCode>
	<errors>100.0</errors>
</api>
<api>
	<uri>[test].[5:26] verify if empty question text returns 400 @not working - not checking question text status</uri>
	<samples>1</samples>
	<average>17</average>
	<min>17</min>
	<median>17</median>
	<ninetieth>17</ninetieth>
	<max>17</max>
	<httpCode></httpCode>
	<errors>100.0</errors>
</api>
<api>
	<uri>[test].[6:32] verify if empty question type returns 400 @not working - not checking question text status</uri>
	<samples>1</samples>
	<average>10</average>
	<min>10</min>
	<median>10</median>
	<ninetieth>10</ninetieth>
	<max>10</max>
	<httpCode></httpCode>
	<errors>100.0</errors>
</api>
<api>
	<uri>[test].[7:38] verify if user decided if question is required @not working - not checking if question is required</uri>
	<samples>1</samples>
	<average>9</average>
	<min>9</min>
	<median>9</median>
	<ninetieth>9</ninetieth>
	<max>9</max>
	<httpCode></httpCode>
	<errors>100.0</errors>
</api>
<api>
	<uri>[test].[8:44] verify if question type and questions are correct @not working - not checking question type</uri>
	<samples>1</samples>
	<average>9</average>
	<min>9</min>
	<median>9</median>
	<ninetieth>9</ninetieth>
	<max>9</max>
	<httpCode></httpCode>
	<errors>100.0</errors>
</api>
</results>
