<?xml version="1.0"?>
<results>
<api>
	<uri>[test].[1:2] verify that survey-service is up and recives short survey</uri>
	<samples>1</samples>
	<average>275</average>
	<min>275</min>
	<median>275</median>
	<ninetieth>275</ninetieth>
	<max>275</max>
	<httpCode></httpCode>
	<errors>0.0</errors>
</api>
<api>
	<uri>[test].[2:8] verify that survey-service is up and recives long survey</uri>
	<samples>1</samples>
	<average>110</average>
	<min>110</min>
	<median>110</median>
	<ninetieth>110</ninetieth>
	<max>110</max>
	<httpCode></httpCode>
	<errors>0.0</errors>
</api>
<api>
	<uri>[test].[3:14] verify if empty page returns 400</uri>
	<samples>1</samples>
	<average>7</average>
	<min>7</min>
	<median>7</median>
	<ninetieth>7</ninetieth>
	<max>7</max>
	<httpCode></httpCode>
	<errors>0.0</errors>
</api>
<api>
	<uri>[test].[4:20] verify if empty survey name returns 400</uri>
	<samples>1</samples>
	<average>9</average>
	<min>9</min>
	<median>9</median>
	<ninetieth>9</ninetieth>
	<max>9</max>
	<httpCode></httpCode>
	<errors>0.0</errors>
</api>
<api>
	<uri>[test].[5:26] verify if empty question text returns 400 @not working - not checking question text status</uri>
	<samples>1</samples>
	<average>23</average>
	<min>23</min>
	<median>23</median>
	<ninetieth>23</ninetieth>
	<max>23</max>
	<httpCode></httpCode>
	<errors>100.0</errors>
</api>
<api>
	<uri>[test].[6:32] verify if empty question type returns 400 @not working - not checking question text status</uri>
	<samples>1</samples>
	<average>22</average>
	<min>22</min>
	<median>22</median>
	<ninetieth>22</ninetieth>
	<max>22</max>
	<httpCode></httpCode>
	<errors>100.0</errors>
</api>
<api>
	<uri>[test].[7:38] verify if user decided if question is required @not working - not checking if question is required</uri>
	<samples>1</samples>
	<average>23</average>
	<min>23</min>
	<median>23</median>
	<ninetieth>23</ninetieth>
	<max>23</max>
	<httpCode></httpCode>
	<errors>100.0</errors>
</api>
<api>
	<uri>[test].[8:44] verify if question type and questions are correct @not working - not checking question type</uri>
	<samples>1</samples>
	<average>24</average>
	<min>24</min>
	<median>24</median>
	<ninetieth>24</ninetieth>
	<max>24</max>
	<httpCode></httpCode>
	<errors>100.0</errors>
</api>
</results>
