<?xml version='1.1' encoding='UTF-8'?>
<result plugin="junit@1.27">
  <suites>
    <suite>
      <file>/var/lib/jenkins/workspace/PIP2019/Discovery/discovery/target/surefire-reports/TEST-pl.hycom.discovery.DiscoveryApplicationTests.xml</file>
      <name>pl.hycom.discovery.DiscoveryApplicationTests</name>
      <duration>7.971</duration>
      <time>7.971</time>
      <enclosingBlocks/>
      <enclosingBlockNames/>
      <cases>
        <case>
          <duration>0.2</duration>
          <className>pl.hycom.discovery.DiscoveryApplicationTests</className>
          <testName>contextLoads</testName>
          <skipped>false</skipped>
          <failedSince>0</failedSince>
        </case>
      </cases>
    </suite>
  </suites>
  <duration>7.971</duration>
  <keepLongStdio>false</keepLongStdio>
</result>