<?xml version="1.0"?>
<results>
<api>
	<uri>[test].[1:2] verify that survey-service is up and recives short survey</uri>
	<samples>1</samples>
	<average>1043</average>
	<min>1043</min>
	<median>1043</median>
	<ninetieth>1043</ninetieth>
	<max>1043</max>
	<httpCode></httpCode>
	<errors>0.0</errors>
</api>
<api>
	<uri>[test].[2:8] verify that survey-service is up and recives long survey</uri>
	<samples>1</samples>
	<average>146</average>
	<min>146</min>
	<median>146</median>
	<ninetieth>146</ninetieth>
	<max>146</max>
	<httpCode></httpCode>
	<errors>0.0</errors>
</api>
<api>
	<uri>[test].[3:14] verify if empty page returns 400</uri>
	<samples>1</samples>
	<average>42</average>
	<min>42</min>
	<median>42</median>
	<ninetieth>42</ninetieth>
	<max>42</max>
	<httpCode></httpCode>
	<errors>0.0</errors>
</api>
<api>
	<uri>[test].[4:20] verify if empty survey name returns 400</uri>
	<samples>1</samples>
	<average>23</average>
	<min>23</min>
	<median>23</median>
	<ninetieth>23</ninetieth>
	<max>23</max>
	<httpCode></httpCode>
	<errors>0.0</errors>
</api>
<api>
	<uri>[test].[5:26] verify if empty question text returns 400 @not working - not checking question text status</uri>
	<samples>1</samples>
	<average>26</average>
	<min>26</min>
	<median>26</median>
	<ninetieth>26</ninetieth>
	<max>26</max>
	<httpCode></httpCode>
	<errors>0.0</errors>
</api>
<api>
	<uri>[test].[6:32] verify if empty question type returns 400 @not working - not checking question text status</uri>
	<samples>1</samples>
	<average>21</average>
	<min>21</min>
	<median>21</median>
	<ninetieth>21</ninetieth>
	<max>21</max>
	<httpCode></httpCode>
	<errors>0.0</errors>
</api>
<api>
	<uri>[test].[7:38] verify if user decided if question is required @not working - not checking if question is required</uri>
	<samples>1</samples>
	<average>36</average>
	<min>36</min>
	<median>36</median>
	<ninetieth>36</ninetieth>
	<max>36</max>
	<httpCode></httpCode>
	<errors>100.0</errors>
</api>
<api>
	<uri>[test].[8:44] verify if question type and questions are correct @not working - not checking question type</uri>
	<samples>1</samples>
	<average>16</average>
	<min>16</min>
	<median>16</median>
	<ninetieth>16</ninetieth>
	<max>16</max>
	<httpCode></httpCode>
	<errors>0.0</errors>
</api>
</results>
