<?xml version='1.1' encoding='UTF-8'?>
<result plugin="junit@1.27">
  <suites>
    <suite>
      <file>/var/lib/jenkins/workspace/PIP2019/Survey-service/survey-service/target/surefire-reports/TEST-pl.hycom.surveyservice.SurveyServiceApplicationTests.xml</file>
      <name>pl.hycom.surveyservice.SurveyServiceApplicationTests</name>
      <duration>5.545</duration>
      <time>5.545</time>
      <enclosingBlocks/>
      <enclosingBlockNames/>
      <cases>
        <case>
          <duration>0.229</duration>
          <className>pl.hycom.surveyservice.SurveyServiceApplicationTests</className>
          <testName>contextLoads</testName>
          <skipped>false</skipped>
          <failedSince>0</failedSince>
        </case>
      </cases>
    </suite>
  </suites>
  <duration>5.545</duration>
  <keepLongStdio>false</keepLongStdio>
</result>