<?xml version="1.0"?>
<results>
<api>
	<uri>[test].[1:2] verify that survey-service is up and recives short survey</uri>
	<samples>1</samples>
	<average>315</average>
	<min>315</min>
	<median>315</median>
	<ninetieth>315</ninetieth>
	<max>315</max>
	<httpCode></httpCode>
	<errors>0.0</errors>
</api>
<api>
	<uri>[test].[2:8] verify that survey-service is up and recives long survey</uri>
	<samples>1</samples>
	<average>82</average>
	<min>82</min>
	<median>82</median>
	<ninetieth>82</ninetieth>
	<max>82</max>
	<httpCode></httpCode>
	<errors>0.0</errors>
</api>
<api>
	<uri>[test].[3:14] verify if empty page returns 400</uri>
	<samples>1</samples>
	<average>16</average>
	<min>16</min>
	<median>16</median>
	<ninetieth>16</ninetieth>
	<max>16</max>
	<httpCode></httpCode>
	<errors>0.0</errors>
</api>
<api>
	<uri>[test].[4:20] verify if empty survey name returns 400</uri>
	<samples>1</samples>
	<average>20</average>
	<min>20</min>
	<median>20</median>
	<ninetieth>20</ninetieth>
	<max>20</max>
	<httpCode></httpCode>
	<errors>0.0</errors>
</api>
<api>
	<uri>[test].[5:26] verify if empty question text returns 400 @not working - not checking question text status</uri>
	<samples>1</samples>
	<average>26</average>
	<min>26</min>
	<median>26</median>
	<ninetieth>26</ninetieth>
	<max>26</max>
	<httpCode></httpCode>
	<errors>100.0</errors>
</api>
<api>
	<uri>[test].[6:32] verify if empty question type returns 400 @not working - not checking question text status</uri>
	<samples>1</samples>
	<average>29</average>
	<min>29</min>
	<median>29</median>
	<ninetieth>29</ninetieth>
	<max>29</max>
	<httpCode></httpCode>
	<errors>100.0</errors>
</api>
<api>
	<uri>[test].[7:38] verify if user decided if question is required @not working - not checking if question is required</uri>
	<samples>1</samples>
	<average>27</average>
	<min>27</min>
	<median>27</median>
	<ninetieth>27</ninetieth>
	<max>27</max>
	<httpCode></httpCode>
	<errors>100.0</errors>
</api>
<api>
	<uri>[test].[8:44] verify if question type and questions are correct @not working - not checking question type</uri>
	<samples>1</samples>
	<average>18</average>
	<min>18</min>
	<median>18</median>
	<ninetieth>18</ninetieth>
	<max>18</max>
	<httpCode></httpCode>
	<errors>100.0</errors>
</api>
</results>
