<?xml version='1.1' encoding='UTF-8'?>
<result plugin="junit@1.27">
  <suites>
    <suite>
      <file>/var/lib/jenkins/workspace/PIP2019/Config/config/target/surefire-reports/TEST-pl.hycom.config.ConfigApplicationTests.xml</file>
      <name>pl.hycom.config.ConfigApplicationTests</name>
      <duration>7.622</duration>
      <time>7.622</time>
      <enclosingBlocks/>
      <enclosingBlockNames/>
      <cases>
        <case>
          <duration>0.106</duration>
          <className>pl.hycom.config.ConfigApplicationTests</className>
          <testName>contextLoads</testName>
          <skipped>false</skipped>
          <failedSince>0</failedSince>
        </case>
      </cases>
    </suite>
  </suites>
  <duration>7.622</duration>
  <keepLongStdio>false</keepLongStdio>
</result>