<?xml version="1.0"?>
<results>
<api>
	<uri>[test].[1:2] verify that survey-service is up and recives short survey</uri>
	<samples>1</samples>
	<average>408</average>
	<min>408</min>
	<median>408</median>
	<ninetieth>408</ninetieth>
	<max>408</max>
	<httpCode></httpCode>
	<errors>0.0</errors>
</api>
<api>
	<uri>[test].[2:8] verify that survey-service is up and recives long survey</uri>
	<samples>1</samples>
	<average>178</average>
	<min>178</min>
	<median>178</median>
	<ninetieth>178</ninetieth>
	<max>178</max>
	<httpCode></httpCode>
	<errors>0.0</errors>
</api>
<api>
	<uri>[test].[3:14] verify if empty page returns 400</uri>
	<samples>1</samples>
	<average>60</average>
	<min>60</min>
	<median>60</median>
	<ninetieth>60</ninetieth>
	<max>60</max>
	<httpCode></httpCode>
	<errors>0.0</errors>
</api>
<api>
	<uri>[test].[4:20] verify if empty survey name returns 400</uri>
	<samples>1</samples>
	<average>24</average>
	<min>24</min>
	<median>24</median>
	<ninetieth>24</ninetieth>
	<max>24</max>
	<httpCode></httpCode>
	<errors>0.0</errors>
</api>
<api>
	<uri>[test].[5:26] verify if empty question text returns 400 @not working - not checking question text status</uri>
	<samples>1</samples>
	<average>32</average>
	<min>32</min>
	<median>32</median>
	<ninetieth>32</ninetieth>
	<max>32</max>
	<httpCode></httpCode>
	<errors>0.0</errors>
</api>
<api>
	<uri>[test].[6:32] verify if empty question type returns 400 @not working - not checking question text status</uri>
	<samples>1</samples>
	<average>24</average>
	<min>24</min>
	<median>24</median>
	<ninetieth>24</ninetieth>
	<max>24</max>
	<httpCode></httpCode>
	<errors>0.0</errors>
</api>
<api>
	<uri>[test].[7:38] verify if user decided if question is required @not working - not checking if question is required</uri>
	<samples>1</samples>
	<average>27</average>
	<min>27</min>
	<median>27</median>
	<ninetieth>27</ninetieth>
	<max>27</max>
	<httpCode></httpCode>
	<errors>100.0</errors>
</api>
<api>
	<uri>[test].[8:44] verify if question type and questions are correct @not working - not checking question type</uri>
	<samples>1</samples>
	<average>21</average>
	<min>21</min>
	<median>21</median>
	<ninetieth>21</ninetieth>
	<max>21</max>
	<httpCode></httpCode>
	<errors>0.0</errors>
</api>
</results>
